﻿<?xml version="1.0" encoding="utf-8"?>
<cms.settingskey>
  <KeyCategoryID>
    <CodeName>CMS.AI</CodeName>
    <ObjectType>cms.settingscategory</ObjectType>
  </KeyCategoryID>
  <KeyDisplayName>{$base.settings.settingskey.airaconfiguration$}</KeyDisplayName>
  <KeyExplanationText />
  <KeyGUID>cd744166-6f0b-4027-be56-f292d075637f</KeyGUID>
  <KeyIsCustom>False</KeyIsCustom>
  <KeyIsHidden>True</KeyIsHidden>
  <KeyName>CMSAiraConfiguration</KeyName>
  <KeyOrder>1</KeyOrder>
  <KeyType>longtext</KeyType>
  <KeyValue>
    <![CDATA[{"AutomaticFocalPointDetectionEnabled":true,"EmailContentGenerationEnabled":true,"EmailSubjectGenerationEnabled":true}]]>
  </KeyValue>
</cms.settingskey>