﻿<?xml version="1.0" encoding="utf-8"?>
<contentitemdata.dancinggoat.productpage>
  <ContentItemDataCommonDataID>
    <GUID>507ce915-f4ef-4b0c-a762-ebb7373b3bb2</GUID>
    <ObjectType>cms.contentitemcommondata</ObjectType>
    <Parent>
      <CodeName>KenyaGakuyuniAA-tltdzuh5</CodeName>
      <GUID>97297464-cd24-4768-80cf-101b3849ce80</GUID>
      <ObjectType>cms.contentitem</ObjectType>
    </Parent>
  </ContentItemDataCommonDataID>
  <ContentItemDataGUID>bced964e-c3d5-490d-85b9-976c1f9bc9c6</ContentItemDataGUID>
  <ProductPageProduct>
    <![CDATA[[{"Identifier":"f284c286-b6d7-48b8-8241-72f27555f31e"}]]]>
  </ProductPageProduct>
</contentitemdata.dancinggoat.productpage>