﻿<?xml version="1.0" encoding="utf-8"?>
<contentitemdata.dancinggoat.productpage>
  <ContentItemDataCommonDataID>
    <GUID>9efde9a0-23cf-40da-92be-47d1617c70fc</GUID>
    <ObjectType>cms.contentitemcommondata</ObjectType>
    <Parent>
      <CodeName>T-shirtBlack-3zyduziv</CodeName>
      <GUID>9a3c513f-099e-4ecf-9ccf-89b9b38da1b1</GUID>
      <ObjectType>cms.contentitem</ObjectType>
    </Parent>
  </ContentItemDataCommonDataID>
  <ContentItemDataGUID>becc633c-d57c-45d7-9332-128637939fad</ContentItemDataGUID>
  <ProductPageProduct>
    <![CDATA[[{"Identifier":"37fc0fce-5f95-42e1-94e3-e61475755dc5"}]]]>
  </ProductPageProduct>
</contentitemdata.dancinggoat.productpage>