﻿<?xml version="1.0" encoding="utf-8"?>
<cms.webpageurlpath>
  <WebPageUrlPath>es/Store/Merchandise</WebPageUrlPath>
  <WebPageUrlPathContentLanguageID>
    <CodeName>es</CodeName>
    <GUID>fc939370-8f94-4fc9-8cc4-bfdef6ab748c</GUID>
    <ObjectType>cms.contentlanguage</ObjectType>
  </WebPageUrlPathContentLanguageID>
  <WebPageUrlPathGUID>955e6495-a620-4a62-8853-217a3d11d605</WebPageUrlPathGUID>
  <WebPageUrlPathHash>
    <![CDATA[3D4681FE60A4526A2A4F9BFE7766F87779171EB38CA987C276F3F8914CF5FC5B]]>
  </WebPageUrlPathHash>
  <WebPageUrlPathIsCanonical>True</WebPageUrlPathIsCanonical>
  <WebPageUrlPathIsDraft>False</WebPageUrlPathIsDraft>
  <WebPageUrlPathIsLatest>True</WebPageUrlPathIsLatest>
  <WebPageUrlPathType>0</WebPageUrlPathType>
  <WebPageUrlPathWebPageItemID>
    <CodeName>Merchandise-yxzsokeq</CodeName>
    <GUID>0b72cc84-d9fc-46b7-9a4e-1a2cef527384</GUID>
    <ObjectType>cms.webpageitem</ObjectType>
  </WebPageUrlPathWebPageItemID>
  <WebPageUrlPathWebsiteChannelID>
    <GUID>55e3ae4b-3843-46b8-95d5-79611c371d6f</GUID>
    <ObjectType>cms.websitechannel</ObjectType>
    <Parent>
      <CodeName>DancingGoatPages</CodeName>
      <GUID>c430f96d-bd56-4448-b6ab-bce41a58f186</GUID>
      <ObjectType>cms.channel</ObjectType>
    </Parent>
  </WebPageUrlPathWebsiteChannelID>
</cms.webpageurlpath>