﻿<?xml version="1.0" encoding="utf-8"?>
<contentitemdata.dancinggoat.articlepage>
  <ArticlePagePublishDate>2023-08-11 22:00:00Z</ArticlePagePublishDate>
  <ArticlePageSummary>
    <![CDATA[Roasting coffee beans can take from 6 to 13 minutes. Different roasting times produce different types of coffee, with varying concentration of caffeine and intensity of the original flavor.]]>
  </ArticlePageSummary>
  <ArticlePageTeaser>
    <![CDATA[[{"Identifier":"abc5b875-2f70-4aac-80a8-f8033867b0c5"}]]]>
  </ArticlePageTeaser>
  <ArticlePageText>
    <![CDATA[<p id="isPasted">There’s nothing complicated about roasting. It’s as easy as baking a pie, maybe even simpler as there’s just one ingredient. What’s complicated is fine-tuning the whole process to perfection. It’s also a huge responsibility. You can easily ruin something that’s been in the works for months and has been perfect up until now.</p><h3>Light Roasts</h3><p>Usually roasted for 6-8 minutes or simply until achieving a light brown color. This method is used for milder coffee varieties and for coffee tasting. This type of roasting allows the natural characteristics of each coffee to show. The aroma of coffees produced from light roasts is usually more intense. The cup itself is more acidic and the concentration of caffeine is higher.</p><h3>Medium roast</h3><p>These exempt a stronger flavor than light roasts. The beans are still more matte than oily. Caffeine contents are decreased. Medium roasts lack the grainy taste of lighter roasts. You also get a more balanced flavor, aroma and acidity.</p><h3>Dark Roasts</h3><p>Dark roast beans are achieved by a 12-13 minute roasting process. The beans have a heavier body, a surface that appears a little oily and a somewhat shiny. Darker roasts have a more chocolate-like flavor. The sugars in the coffee caramelize more than with light roasts and make their way to the surface of the bean. This makes the beans less acidic as well.</p><p>To put it in points, these are general rules that apply to different levels of roasts:</p><ul><li>Caffeine level decreases the darker the roast is.</li><li>Darker roasts exempt less acidity than lighter roasts.</li><li>The darker beans get roasted, the oilier their surface becomes.</li><li>Lighter roasts maintain more of the original flavors of their varieties, while the darker they get, they tend to take on more flavor from the roasting process itself.</li><li>The body of the coffee gets heavier until taken to really high temperatures, where they emit what is called a ‘second crack’. Then the body starts thinning out again.</li></ul><p>You can easily imprint your own signature into each coffee that you make during the roasting process. At Dancing Goat, though, we choose to instead highlight what makes of the varietal great and unique.</p>]]>
  </ArticlePageText>
  <ArticleRelatedPages>
    <![CDATA[[{"Identifier":"69a5c969-8e18-4b57-a9cd-7ce089d0d059"},{"Identifier":"8b874690-2b06-4bf5-b363-8138de08fdfb"},{"Identifier":"d6e4f73a-7bf5-48a7-a71d-c635fdee195d"}]]]>
  </ArticleRelatedPages>
  <ArticleTitle>On Roasts</ArticleTitle>
  <ContentItemDataCommonDataID>
    <GUID>0c56d772-eda5-43fe-baeb-a1268c15b7fd</GUID>
    <ObjectType>cms.contentitemcommondata</ObjectType>
    <Parent>
      <CodeName>OnRoasts-nlx96ge6</CodeName>
      <GUID>d5d28908-d403-4f6d-ab5a-d7758b43dbf2</GUID>
      <ObjectType>cms.contentitem</ObjectType>
    </Parent>
  </ContentItemDataCommonDataID>
  <ContentItemDataGUID>7bff5c90-9ee0-4ec2-a157-b398f96958fc</ContentItemDataGUID>
</contentitemdata.dancinggoat.articlepage>