﻿<?xml version="1.0" encoding="utf-8"?>
<contentitemdata.dancinggoat.productpage>
  <ContentItemDataCommonDataID>
    <GUID>c42f9514-a600-4c3b-99e2-14cba1b69855</GUID>
    <ObjectType>cms.contentitemcommondata</ObjectType>
    <Parent>
      <CodeName>T-shirtWhite-s5nxn4dp</CodeName>
      <GUID>ef9fb6bf-11cb-4702-a8ce-7ae807303240</GUID>
      <ObjectType>cms.contentitem</ObjectType>
    </Parent>
  </ContentItemDataCommonDataID>
  <ContentItemDataGUID>2afa7121-4d9b-4e93-a7a0-279b288a3fce</ContentItemDataGUID>
  <ProductPageProduct>
    <![CDATA[[{"Identifier":"8646de6d-6bb6-46e2-b349-0d582dc22f69"}]]]>
  </ProductPageProduct>
</contentitemdata.dancinggoat.productpage>