﻿<?xml version="1.0" encoding="utf-8"?>
<cms.webpageurlpath>
  <WebPageUrlPath>Products/Panama-Los-Lajones-Honey</WebPageUrlPath>
  <WebPageUrlPathContentLanguageID>
    <CodeName>en</CodeName>
    <GUID>e4a8fb12-ebc2-45d0-930f-c9fba2780c85</GUID>
    <ObjectType>cms.contentlanguage</ObjectType>
  </WebPageUrlPathContentLanguageID>
  <WebPageUrlPathGUID>39b68a87-c5eb-4a43-b427-c04aca697232</WebPageUrlPathGUID>
  <WebPageUrlPathHash>
    <![CDATA[40B886F08AE3D97931688D35F633DD026E2779FBCD552B197C08CD3273C9B410]]>
  </WebPageUrlPathHash>
  <WebPageUrlPathIsCanonical>True</WebPageUrlPathIsCanonical>
  <WebPageUrlPathIsDraft>False</WebPageUrlPathIsDraft>
  <WebPageUrlPathIsLatest>True</WebPageUrlPathIsLatest>
  <WebPageUrlPathType>0</WebPageUrlPathType>
  <WebPageUrlPathWebPageItemID>
    <CodeName>PanamaLosLajonesHoney-m7glabz6</CodeName>
    <GUID>4677249b-0a5b-4c00-8de0-ba6c0756b668</GUID>
    <ObjectType>cms.webpageitem</ObjectType>
  </WebPageUrlPathWebPageItemID>
  <WebPageUrlPathWebsiteChannelID>
    <GUID>55e3ae4b-3843-46b8-95d5-79611c371d6f</GUID>
    <ObjectType>cms.websitechannel</ObjectType>
    <Parent>
      <CodeName>DancingGoatPages</CodeName>
      <GUID>c430f96d-bd56-4448-b6ab-bce41a58f186</GUID>
      <ObjectType>cms.channel</ObjectType>
    </Parent>
  </WebPageUrlPathWebsiteChannelID>
</cms.webpageurlpath>