﻿<?xml version="1.0" encoding="utf-8"?>
<contentitemdata.dancinggoat.productpage>
  <ContentItemDataCommonDataID>
    <GUID>3f748b39-002a-4469-9b68-c6a2f2fcf7c1</GUID>
    <ObjectType>cms.contentitemcommondata</ObjectType>
    <Parent>
      <CodeName>BoliviaFincaIllimani-xvibl56q</CodeName>
      <GUID>33b09354-dd5e-4053-8829-f16f31b7f2da</GUID>
      <ObjectType>cms.contentitem</ObjectType>
    </Parent>
  </ContentItemDataCommonDataID>
  <ContentItemDataGUID>1452aa52-34de-4526-996a-ca87a7cb99f7</ContentItemDataGUID>
  <ProductPageProduct>
    <![CDATA[[{"Identifier":"38d6115a-a102-4b4c-8f07-cf21ad100a57"}]]]>
  </ProductPageProduct>
</contentitemdata.dancinggoat.productpage>