﻿<?xml version="1.0" encoding="utf-8"?>
<contentitemdata.dancinggoat.productpage>
  <ContentItemDataCommonDataID>
    <GUID>9ad9eab5-5abf-42a4-a1b9-fde920b8fec0</GUID>
    <ObjectType>cms.contentitemcommondata</ObjectType>
    <Parent>
      <CodeName>EsproPress-ifroai4d</CodeName>
      <GUID>e9a028c8-eaaf-4fdd-b59c-b213c95288af</GUID>
      <ObjectType>cms.contentitem</ObjectType>
    </Parent>
  </ContentItemDataCommonDataID>
  <ContentItemDataGUID>6216246f-9a87-47ca-a270-e8c7b0a096f5</ContentItemDataGUID>
  <ProductPageProduct>
    <![CDATA[[{"Identifier":"6df3c51e-5eba-4d28-a6ab-dfed99fccecc"}]]]>
  </ProductPageProduct>
</contentitemdata.dancinggoat.productpage>