﻿<?xml version="1.0" encoding="utf-8"?>
<cms.workspacedatapermission>
  <WorkspaceDataPermissionApplicationName>Kentico.Xperience.Application.ContentHub</WorkspaceDataPermissionApplicationName>
  <WorkspaceDataPermissionGUID>9646bccd-b9b9-498c-9ae8-d20de4413a71</WorkspaceDataPermissionGUID>
  <WorkspaceDataPermissionPermissionName>View</WorkspaceDataPermissionPermissionName>
  <WorkspaceDataPermissionRoleID>
    <CodeName>DancingGoat.DigitalChannelManager</CodeName>
    <GUID>80f9aa61-d17c-45f0-9b9a-9ff3c301438c</GUID>
    <ObjectType>cms.role</ObjectType>
  </WorkspaceDataPermissionRoleID>
  <WorkspaceDataPermissionWorkspaceID>
    <CodeName>DancingGoat.DancingGoatLtd</CodeName>
    <GUID>4972d424-6c85-45f1-ac71-2576716a4e8c</GUID>
    <ObjectType>cms.workspace</ObjectType>
  </WorkspaceDataPermissionWorkspaceID>
</cms.workspacedatapermission>