﻿<?xml version="1.0" encoding="utf-8"?>
<cms.allowedchildcontenttype>
  <Parent>
    <CodeName>DancingGoat.ProductsSection</CodeName>
    <GUID>c2d4f4f3-dbd7-481a-b5f6-df465a2a8b45</GUID>
    <ObjectType>cms.contenttype</ObjectType>
  </Parent>
  <Bindings>
    <Binding id="cms.contenttype_DancingGoat.CoffeePage">
      <AllowedChildContentTypeChildID>
        <CodeName>DancingGoat.CoffeePage</CodeName>
        <GUID>b6830451-87c5-432c-afd3-013d9362abe4</GUID>
        <ObjectType>cms.contenttype</ObjectType>
      </AllowedChildContentTypeChildID>
    </Binding>
    <Binding id="cms.contenttype_DancingGoat.GrinderPage">
      <AllowedChildContentTypeChildID>
        <CodeName>DancingGoat.GrinderPage</CodeName>
        <GUID>f073253e-564e-40a2-82b7-f487e26181ef</GUID>
        <ObjectType>cms.contenttype</ObjectType>
      </AllowedChildContentTypeChildID>
    </Binding>
    <Binding id="cms.contenttype_DancingGoat.ProductsSection">
      <AllowedChildContentTypeChildID>
        <CodeName>DancingGoat.ProductsSection</CodeName>
        <GUID>c2d4f4f3-dbd7-481a-b5f6-df465a2a8b45</GUID>
        <ObjectType>cms.contenttype</ObjectType>
      </AllowedChildContentTypeChildID>
    </Binding>
  </Bindings>
</cms.allowedchildcontenttype>