﻿<?xml version="1.0" encoding="utf-8"?>
<contentitemdata.dancinggoat.productpage>
  <ContentItemDataCommonDataID>
    <GUID>a3be8743-f066-4bc9-acd3-ded92abd9470</GUID>
    <ObjectType>cms.contentitemcommondata</ObjectType>
    <Parent>
      <CodeName>MacapM4D-rxxdx4w2</CodeName>
      <GUID>a0fbb3a5-ba32-405f-b279-8f8c6ca1b8ed</GUID>
      <ObjectType>cms.contentitem</ObjectType>
    </Parent>
  </ContentItemDataCommonDataID>
  <ContentItemDataGUID>77f84e0a-057c-4ecf-9aec-f3392824d742</ContentItemDataGUID>
  <ProductPageProduct>
    <![CDATA[[{"Identifier":"be4d5437-dce6-48d7-ba89-f827705bbf45"}]]]>
  </ProductPageProduct>
</contentitemdata.dancinggoat.productpage>