﻿<?xml version="1.0" encoding="utf-8"?>
<cms.webpageurlpath>
  <WebPageUrlPath>Store/Brewers</WebPageUrlPath>
  <WebPageUrlPathContentLanguageID>
    <CodeName>en</CodeName>
    <GUID>e4a8fb12-ebc2-45d0-930f-c9fba2780c85</GUID>
    <ObjectType>cms.contentlanguage</ObjectType>
  </WebPageUrlPathContentLanguageID>
  <WebPageUrlPathGUID>398a3d06-5666-4343-a810-3a08424e40de</WebPageUrlPathGUID>
  <WebPageUrlPathHash>
    <![CDATA[855DAE2EE1AC858CF1C2B211F938007F2FDB93AAC66AB306D064316C8A1CABCD]]>
  </WebPageUrlPathHash>
  <WebPageUrlPathIsCanonical>True</WebPageUrlPathIsCanonical>
  <WebPageUrlPathIsDraft>False</WebPageUrlPathIsDraft>
  <WebPageUrlPathIsLatest>True</WebPageUrlPathIsLatest>
  <WebPageUrlPathType>0</WebPageUrlPathType>
  <WebPageUrlPathWebPageItemID>
    <CodeName>Brewers-a0dn5izb</CodeName>
    <GUID>c473a72c-60ad-484d-94da-dc64b16b2b65</GUID>
    <ObjectType>cms.webpageitem</ObjectType>
  </WebPageUrlPathWebPageItemID>
  <WebPageUrlPathWebsiteChannelID>
    <GUID>55e3ae4b-3843-46b8-95d5-79611c371d6f</GUID>
    <ObjectType>cms.websitechannel</ObjectType>
    <Parent>
      <CodeName>DancingGoatPages</CodeName>
      <GUID>c430f96d-bd56-4448-b6ab-bce41a58f186</GUID>
      <ObjectType>cms.channel</ObjectType>
    </Parent>
  </WebPageUrlPathWebsiteChannelID>
</cms.webpageurlpath>