﻿<?xml version="1.0" encoding="utf-8"?>
<contentitemdata.dancinggoat.productpage>
  <ContentItemDataCommonDataID>
    <GUID>8ff1cd99-d19c-4fe9-b307-5328aa1aa1a5</GUID>
    <ObjectType>cms.contentitemcommondata</ObjectType>
    <Parent>
      <CodeName>AeroPress-vf15ekn4</CodeName>
      <GUID>5ce58fc8-7ccd-4916-a889-28a6f29f0318</GUID>
      <ObjectType>cms.contentitem</ObjectType>
    </Parent>
  </ContentItemDataCommonDataID>
  <ContentItemDataGUID>d6d0e706-d391-4b45-9d0b-3c12d172192b</ContentItemDataGUID>
  <ProductPageProduct>
    <![CDATA[[{"Identifier":"0e4a9330-f652-4d03-a62b-a5a63a0079a0"}]]]>
  </ProductPageProduct>
</contentitemdata.dancinggoat.productpage>